file,size_bytes,sha256
Combined/Plant1.pcap,7684492,fc91932509a2a777dee0004cb686e92180aae2ad34d8eb3a447573e46091d41d
ModbusTCP/ModbusTCP.pcap,1478608,ae5e7b3101bd2f49390cfd77376ed176389aba9360307dd424dab51b339c5593
ModbusTCP/modbus_test_data_part1.pcap,10181,94942b3d014810710f50836c95d3faf6df6e6370a6560bae541397c1df50213d
s7/tia_s300_goOnline.pcapng,62240,e6d2359ffbbaf85efc56d85e060059c2cdb902bc19dfeb71f38298e4db8eb152
s7/s7comm_reading_plc_status.pcap,25112,e71f81b471bd67da2fd6e40dc69a7179574ba66771c6150cd7bfe232cc07b8a9
s7/wincc_s400_production.pcapng,294072,d0bae738862ee3157c73b2ca90230a3d0c8e21402923155296f9b86804a2f0ae
EthernetIP/EthernetIP-CIP.pcap,2084906,c50b510b3242f94c8aed9a4b6723962f182d04feca8a8dac09a96a135649461d
CIP/cip_unclean.pcap,5710324,3ba9452e4e65bb8843fdd3d9c7e2d6261824380b066ce994c71cb550966eec5c
IEC60870-5-104/090813_diverse.pcap,13952,07b9a0879dc83e420c4cf83b37fb5830d1d8fb5f6ac6edc435896f70b0fc6bc7
BACnet/bacnet_test.pcap,1956,973724800eef38e1131368d4ebce0eafc6593ccb4763916b8ee69b3b1328d8ff
dnp3/full_exchange.pcap,2118,7373cc6e22c2a1ccd55a2a603436e93ad93e712b633e285b6d79796cceccd387
profinet/PROFINET-RT-DCP/PROFINET-RT.pcap,1032,55ceb6e5c1ca1490c24d51d23084a554cecb95bdd9e9ae82e04b97c237798bbb
