file,raw_sha256_a,raw_sha256_b,content_sha256_a,content_sha256_b,engine_commit_a,engine_commit_b,result
090813_diverse.pcap.json,a6a65c56d29eb3734301813802d52bd90b45324e902de4760f566f6db64af553,829bce4e0aca0ee1bb0eb2cd2a4375f750128c71fbbef0c9b7387076a45bbca0,86f96013282cf23df4dd75acd433607a86fa5431616758003b393cf44cf1f997,86f96013282cf23df4dd75acd433607a86fa5431616758003b393cf44cf1f997,ef418f4,ef418f4,MATCH
EthernetIP-CIP.pcap.json,031fa346e49d2f1670e93ea0756f5cca23e50c903fd7b3226c210572c561cdce,3db532233e7d00c3a2c697b7b84ced1431cdec88c02e34f67b9e997b40cfae1a,42d3fe765cc6a4f0b064f93bbc8bfe3d8ba75285ec8f3969a98538cbbe269bd0,42d3fe765cc6a4f0b064f93bbc8bfe3d8ba75285ec8f3969a98538cbbe269bd0,ef418f4,ef418f4,MATCH
ModbusTCP.pcap.json,9ae8ccbc05be8ce55b18587853464e1ff52e14d1aed0acabe3c4624470b9cdc8,4c852c03084bd74719d91a56c9f48d173f0340a302cde372f8c6ae9c4da02bf5,5e3dc0eddb3d37a4272e1a456ef2c4855c2df736f100bedc81e8450690f30c0a,5e3dc0eddb3d37a4272e1a456ef2c4855c2df736f100bedc81e8450690f30c0a,ef418f4,ef418f4,MATCH
PROFINET-RT.pcap.json,98919e57354303a1bff15937d864383ee7f73dbb7162ca385dd30a62c71a4fb2,96ff4f85cee9ae6111de0d087c3083f79a97d862d0506789c7463754b13f5e0a,fb6b424f509e597f7d2a29c3c90f4668a28342211f95740fcddb77ee0fd9f886,fb6b424f509e597f7d2a29c3c90f4668a28342211f95740fcddb77ee0fd9f886,ef418f4,ef418f4,MATCH
Plant1.pcap.json,ba1b0f8efbdac4021ac79289bfea68152fa6d17edd448f1cc70d048062279af2,6e108c7f9b02a8a1c9703417e9fc293a9654c7e44047c93b07b01e9ff2da6810,ff3aac71de1bdb6f20fc08cc478f1c5c0f93b4dc7b4a45da384fc33bab6751fc,ff3aac71de1bdb6f20fc08cc478f1c5c0f93b4dc7b4a45da384fc33bab6751fc,ef418f4,ef418f4,MATCH
bacnet_test.pcap.json,317ce91992aa00003e1320ad1dd6610d6906f7a1eaa6fae29fecf79b000fb2b0,a2391dc0aa851dda3409dc1c29807e7bccd566cbc4120eef1631b9b2107c9fd4,31751fd43a7651773d05e7c89ab748741eb8053b353919983368e327d66994b8,31751fd43a7651773d05e7c89ab748741eb8053b353919983368e327d66994b8,ef418f4,ef418f4,MATCH
cip_unclean.pcap.json,4c54aab0d848373ef9f0aa2a5432035e1fa0707ad623798836197932175072f3,2d30e65f3529d68a5839a36a324d39cbe8232603c005ea34e90674df80da3b22,73cdd6a81b7aebc64db234a013d24f98af47cc78ab119d11ea91cc3cc872b8b3,73cdd6a81b7aebc64db234a013d24f98af47cc78ab119d11ea91cc3cc872b8b3,ef418f4,ef418f4,MATCH
full_exchange.pcap.json,56c80b7bda46aeff5962b186bdae8b99acb125d47da35aee73c392e76ed26ea1,6d778b32d16d9339bde8d9ff200a2db483eef453758bfbe08c9e070b4e3df69b,35f8576adffc50467a680606dfa735396c46ac1b6675b8cad667dbd494b8f933,35f8576adffc50467a680606dfa735396c46ac1b6675b8cad667dbd494b8f933,ef418f4,ef418f4,MATCH
modbus_test_data_part1.pcap.json,3d491899fed17d3be40b6eb02b006d52d8805c52f2cf3c77ead5a9c7a3b8cd5b,07a556bd7d489d487eb317d5a53c7a641b8903fabb7b759d2915a3c776ffd588,ea7a6f4e4b8104348d05e656b6cff337b463ed108ee2242c60b4f840ee5de8ec,ea7a6f4e4b8104348d05e656b6cff337b463ed108ee2242c60b4f840ee5de8ec,ef418f4,ef418f4,MATCH
s7comm_reading_plc_status.pcap.json,b63f7f705cedcbc7f40f9a39721d91c196a73bb741cd74a29a90123a3ec16a7e,e75ee65a44befd4fe79ee95cb0d1232f10c988d4049bd23acb69d10a74601ef8,fed9b234d1bd424f6052660ab2762c4d4ce6e5d8ee5a15a933510c6140c10529,fed9b234d1bd424f6052660ab2762c4d4ce6e5d8ee5a15a933510c6140c10529,ef418f4,ef418f4,MATCH
tia_s300_goOnline.pcapng.json,6bfde6ffc5723573227993e25c36f669aa1e00ecd123b7fe45c0f232d8ac9870,ce565c52bccc184b270e15e605bc0f5dc4796d9f5fe6057aaf4aa5a0665838dd,841f0764e52fad2b2e25adb5ea4bc3b23d3867b7abf185f080907f75af68e6f6,841f0764e52fad2b2e25adb5ea4bc3b23d3867b7abf185f080907f75af68e6f6,ef418f4,ef418f4,MATCH
wincc_s400_production.pcapng.json,3c8b3031b3f03ec0e5d30732e8e906dee85a9e09933ed3613d58da0f75511774,a8cca35d538fb8f1dbaa684bede8bd89b7540f8a903e4de082e6d1ad56fff376,649acf669877012ab51e2c7df7d2e05d4692957f0b275f5803e00d7b7ee27a51,649acf669877012ab51e2c7df7d2e05d4692957f0b275f5803e00d7b7ee27a51,ef418f4,ef418f4,MATCH
metrics.csv,,,,,,,MATCH
