case,group,protocol,mutation,outcome,packets_processed,devices,events,packet_errors,error
fuzz-72.pcap,fuzzed (Zeek test suite),modbus,-,processed,36,2,28,0,
fuzz-1011.pcap,fuzzed (Zeek test suite),modbus,-,processed,6,2,5,0,
modbus_test_data_part1.pcap [flip],mutated payloads,modbus,flip (50 payloads),processed,118,4,41,0,
modbus_test_data_part1.pcap [truncate],mutated payloads,modbus,truncate (50 payloads),processed,118,4,11,0,
modbus_test_data_part1.pcap [extend],mutated payloads,modbus,extend (50 payloads),processed,118,4,48,0,
modbus_test_data_part1.pcap [zero],mutated payloads,modbus,zero (50 payloads),processed,118,4,48,0,
modbus_test_data_part1.pcap [mixed],mutated payloads,modbus,mixed (50 payloads),processed,118,4,39,0,
tia_s300_goOnline.pcapng [flip],mutated payloads,s7comm,flip (448 payloads),processed,448,2,1,0,
tia_s300_goOnline.pcapng [truncate],mutated payloads,s7comm,truncate (448 payloads),processed,448,2,0,0,
tia_s300_goOnline.pcapng [extend],mutated payloads,s7comm,extend (448 payloads),processed,448,2,1,0,
tia_s300_goOnline.pcapng [zero],mutated payloads,s7comm,zero (448 payloads),processed,448,2,1,0,
tia_s300_goOnline.pcapng [mixed],mutated payloads,s7comm,mixed (448 payloads),processed,448,2,1,0,
cip_unclean.pcap [flip],mutated payloads,enip,flip (1966 payloads),processed,2000,2,1961,0,
cip_unclean.pcap [truncate],mutated payloads,enip,truncate (1966 payloads),processed,2000,2,1326,0,
cip_unclean.pcap [extend],mutated payloads,enip,extend (1966 payloads),processed,2000,2,1961,0,
cip_unclean.pcap [zero],mutated payloads,enip,zero (1966 payloads),processed,2000,2,1961,0,
cip_unclean.pcap [mixed],mutated payloads,enip,mixed (1966 payloads),processed,2000,2,1782,0,
full_exchange.pcap [flip],mutated payloads,dnp3,flip (11 payloads),processed,22,2,10,0,
full_exchange.pcap [truncate],mutated payloads,dnp3,truncate (11 payloads),processed,22,2,4,0,
full_exchange.pcap [extend],mutated payloads,dnp3,extend (11 payloads),processed,22,2,11,0,
full_exchange.pcap [zero],mutated payloads,dnp3,zero (11 payloads),processed,22,2,9,0,
full_exchange.pcap [mixed],mutated payloads,dnp3,mixed (11 payloads),processed,22,2,8,0,
090813_diverse.pcap [flip],mutated payloads,iec104,flip (86 payloads),processed,173,1,66,0,
090813_diverse.pcap [truncate],mutated payloads,iec104,truncate (86 payloads),processed,173,1,39,0,
090813_diverse.pcap [extend],mutated payloads,iec104,extend (86 payloads),processed,173,1,72,0,
090813_diverse.pcap [zero],mutated payloads,iec104,zero (86 payloads),processed,173,1,69,0,
090813_diverse.pcap [mixed],mutated payloads,iec104,mixed (86 payloads),processed,173,1,63,0,
bacnet_test.pcap [flip],mutated payloads,bacnet,flip (22 payloads),processed,26,2,16,0,
bacnet_test.pcap [truncate],mutated payloads,bacnet,truncate (22 payloads),processed,26,2,12,0,
bacnet_test.pcap [extend],mutated payloads,bacnet,extend (22 payloads),processed,26,2,18,0,
bacnet_test.pcap [zero],mutated payloads,bacnet,zero (22 payloads),processed,26,2,15,0,
bacnet_test.pcap [mixed],mutated payloads,bacnet,mixed (22 payloads),processed,26,2,16,0,
modbus_test_data_part1.pcap cut at 60%,damaged file,modbus,file truncated mid-packet,processed,76,4,35,0,
random bytes,damaged file,-,not a capture,rejected,0,0,0,0,RuntimeError: Not a valid PCAP/PCAPNG file (magic: 3b5829f2). File may be corrupted during upload.
empty file,damaged file,-,0 bytes,rejected,0,0,0,0,RuntimeError: PCAP file too small (0 bytes) — not a valid capture
