capture,gt_devices,predicted,TP,FP,FN,precision,recall,F1,l2_only,recall_incl_l2,role_correct,role_accuracy,class_correct,class_accuracy,set,vendor_correct,product_correct,firmware_correct,false_product
090813_diverse.pcap,1,1,1,0,0,1.000,1.000,1.000,0,1.000,0/0,-,0/0,-,independent,0/0,0/0,0/0,0
EthernetIP-CIP.pcap,5,5,5,0,0,1.000,1.000,1.000,0,1.000,5/5,1.000,5/5,1.000,subset,4/5,0/0,0/0,0
ModbusTCP.pcap,14,14,14,0,0,1.000,1.000,1.000,0,1.000,14/14,1.000,14/14,1.000,subset,0/14,0/0,0/0,0
PROFINET-RT.pcap,0,0,0,0,0,0.000,0.000,0.000,0,0.000,0/0,-,0/0,-,independent,0/0,0/0,0/0,0
Plant1.pcap,45,45,45,0,0,1.000,1.000,1.000,0,1.000,30/30,1.000,34/45,0.756,independent,16/44,0/0,0/0,0
bacnet_test.pcap,2,2,2,0,0,1.000,1.000,1.000,0,1.000,2/2,1.000,1/2,0.500,independent,1/2,1/1,1/1,0
cip_unclean.pcap,4,4,4,0,0,1.000,1.000,1.000,0,1.000,2/2,1.000,3/4,0.750,independent,1/4,0/0,0/0,0
full_exchange.pcap,2,2,2,0,0,1.000,1.000,1.000,0,1.000,2/2,1.000,2/2,1.000,independent,0/2,0/0,0/0,0
modbus_test_data_part1.pcap,4,4,4,0,0,1.000,1.000,1.000,0,1.000,4/4,1.000,3/4,0.750,independent,0/2,0/0,0/0,0
s7comm_reading_plc_status.pcap,2,2,2,0,0,1.000,1.000,1.000,0,1.000,2/2,1.000,1/2,0.500,independent,1/2,1/1,1/1,0
tia_s300_goOnline.pcapng,2,2,2,0,0,1.000,1.000,1.000,0,1.000,2/2,1.000,1/2,0.500,independent,1/2,1/1,1/1,0
wincc_s400_production.pcapng,2,2,2,0,0,1.000,1.000,1.000,0,1.000,2/2,1.000,2/2,1.000,independent,2/2,0/0,0/0,0
ALL (independent),64,64,64,0,0,1.000,1.000,1.000,0,1.000,46/46,1.000,47/63,0.746,,22/60,3/3,3/3,0
