capture,gt_devices,predicted,TP,FP,FN,precision,recall,F1,l2_only,recall_incl_l2,role_correct,role_accuracy,class_correct,class_accuracy,set,vendor_correct,product_correct,firmware_correct,false_product,precision_ci,recall_ci,recall_incl_l2_ci,role_ci,class_ci
090813_diverse.pcap,1,2,1,1,0,0.500,1.000,0.667,0,1.000,0/0,-,0/0,-,independent,0/0,0/0,0/0,0,0.095-0.905,0.207-1.000,0.207-1.000,-,-
EthernetIP-CIP.pcap,5,5,5,0,0,1.000,1.000,1.000,0,1.000,4/5,0.800,4/5,0.800,subset,4/5,0/0,0/0,0,0.566-1.000,0.566-1.000,0.566-1.000,0.376-0.964,0.376-0.964
ModbusTCP.pcap,14,14,14,0,0,1.000,1.000,1.000,0,1.000,1/14,0.071,1/14,0.071,subset,0/14,0/0,0/0,0,0.785-1.000,0.785-1.000,0.785-1.000,0.013-0.315,0.013-0.315
PROFINET-RT.pcap,0,0,0,0,0,0.000,0.000,0.000,11,0.000,0/0,-,0/0,-,independent,0/0,0/0,0/0,0,-,-,0.000-0.259,-,-
Plant1.pcap,45,54,45,9,0,0.833,1.000,0.909,16,0.738,5/30,0.167,9/45,0.200,independent,16/44,0/0,0/0,0,0.713-0.910,0.921-1.000,0.616-0.832,0.073-0.336,0.109-0.338
bacnet_test.pcap,2,2,2,0,0,1.000,1.000,1.000,0,1.000,0/2,0.000,0/2,0.000,independent,0/2,0/1,0/1,0,0.342-1.000,0.342-1.000,0.342-1.000,0.000-0.658,0.000-0.658
cip_unclean.pcap,4,10,4,6,0,0.400,1.000,0.571,3,0.571,0/2,0.000,2/4,0.500,independent,1/4,0/0,0/0,0,0.168-0.687,0.510-1.000,0.250-0.842,0.000-0.658,0.150-0.850
full_exchange.pcap,2,2,2,0,0,1.000,1.000,1.000,0,1.000,0/2,0.000,0/2,0.000,independent,0/2,0/0,0/0,0,0.342-1.000,0.342-1.000,0.342-1.000,0.000-0.658,0.000-0.658
modbus_test_data_part1.pcap,4,4,4,0,0,1.000,1.000,1.000,0,1.000,2/4,0.500,1/4,0.250,independent,0/2,0/0,0/0,0,0.510-1.000,0.510-1.000,0.510-1.000,0.150-0.850,0.046-0.699
s7comm_reading_plc_status.pcap,2,2,2,0,0,1.000,1.000,1.000,0,1.000,1/2,0.500,0/2,0.000,independent,1/2,0/1,0/1,0,0.342-1.000,0.342-1.000,0.342-1.000,0.095-0.905,0.000-0.658
tia_s300_goOnline.pcapng,2,2,2,0,0,1.000,1.000,1.000,0,1.000,1/2,0.500,0/2,0.000,independent,1/2,0/1,0/1,0,0.342-1.000,0.342-1.000,0.342-1.000,0.095-0.905,0.000-0.658
wincc_s400_production.pcapng,2,2,2,0,0,1.000,1.000,1.000,0,1.000,1/2,0.500,1/2,0.500,independent,2/2,0/0,0/0,0,0.342-1.000,0.342-1.000,0.342-1.000,0.095-0.905,0.095-0.905
ALL (independent),64,80,64,16,0,0.800,1.000,0.889,30,0.681,10/46,0.217,13/63,0.206,,21/60,0/3,0/3,0,0.700-0.873,0.943-1.000,0.581-0.766,0.123-0.356,0.125-0.322
