protocol,captures,TP,FP,FN,precision,precision_ci,recall,recall_ci,F1,role_correct,role_accuracy,role_ci,class_correct,class_accuracy,class_ci,product_correct,most_frequent_class_error
Modbus TCP,2,18,0,0,1.000,0.824-1.000,1.000,0.824-1.000,1.000,3/18,0.167,0.058-0.392,2/18,0.111,0.031-0.328,0/0,PLC as HMI/SCADA (15)
S7comm,3,6,0,0,1.000,0.610-1.000,1.000,0.610-1.000,1.000,3/6,0.500,0.188-0.812,1/6,0.167,0.030-0.564,0/2,PLC as IT/Other (3)
EtherNet/IP and CIP,2,9,6,0,0.600,0.357-0.802,1.000,0.701-1.000,0.750,4/7,0.571,0.250-0.842,6/9,0.667,0.354-0.879,0/0,Engineering workstation as PLC (1)
DNP3,1,2,0,0,1.000,0.342-1.000,1.000,0.342-1.000,1.000,0/2,0.000,0.000-0.658,0/2,0.000,0.000-0.658,0/0,HMI/SCADA as RTU (1)
IEC 60870-5-104,1,1,1,0,0.500,0.095-0.905,1.000,0.207-1.000,0.667,0/0,-,-,0/0,-,-,0/0,none
BACnet/IP,1,2,0,0,1.000,0.342-1.000,1.000,0.342-1.000,1.000,0/2,0.000,0.000-0.658,0/2,0.000,0.000-0.658,0/1,BACnet controller as IT/Other (1)
Combined (Plant1.pcap),1,45,9,0,0.833,0.713-0.910,1.000,0.921-1.000,0.909,5/30,0.167,0.073-0.336,9/45,0.200,0.109-0.338,0/0,PLC as HMI/SCADA (13)
PROFINET (Layer-2 control),1,0,0,0,0.000,-,0.000,-,0.000,0/0,-,-,0/0,-,-,0/0,none
Overall (independent set),,64,16,0,0.800,0.700-0.873,1.000,0.943-1.000,0.889,10/46,0.217,0.123-0.356,13/63,0.206,0.125-0.322,0/3,
